"Reference","Qty","Value","DNP","Exclude from BOM","Exclude from Board","Footprint","Datasheet"
"AC1","1","H3LIS331DLTR","","","","H3LIS331DLTR:LIS3DHTR","https://www.st.com/resource/en/datasheet/h3lis331dl.pdf"
"BT2","1","Battery","","","","Connector_Wire:SolderWire-0.75sqmm_1x02_P4.8mm_D1.25mm_OD2.3mm",""
"C1,C3","2","10μF","","","","Capacitor_THT:C_Disc_D5.0mm_W2.5mm_P2.50mm",""
"C2","1","0.1μF","","","","Capacitor_THT:C_Disc_D5.0mm_W2.5mm_P2.50mm",""
"C4","1","220µF","","","","Capacitor_THT:C_Disc_D5.0mm_W2.5mm_P2.50mm",""
"C5,C6,C34,C37","4","10µF","","","","Capacitor_THT:C_Disc_D5.0mm_W2.5mm_P2.50mm",""
"C19,C23,C25,C30,C31","5","10µF","","","","Capacitor_THT:CP_Radial_Tantal_D5.0mm_P2.50mm",""
"C20","1","C1","","","","Capacitor_THT:CP_Radial_Tantal_D5.0mm_P2.50mm",""
"C21,C29","2","22µF","","","","Capacitor_THT:CP_Radial_Tantal_D5.0mm_P2.50mm",""
"C22","1","1µF","","","","Capacitor_THT:CP_Radial_Tantal_D5.0mm_P2.50mm",""
"C24,C27","2","0.47µF","","","","Capacitor_THT:CP_Radial_Tantal_D5.0mm_P2.50mm",""
"C26","1","C2","","","","Capacitor_THT:CP_Radial_Tantal_D5.0mm_P2.50mm",""
"C28","1","20µF","","","","Capacitor_THT:CP_Radial_Tantal_D5.0mm_P2.50mm",""
"C32","1","4.7µF","","","","Capacitor_THT:CP_Radial_Tantal_D5.0mm_P2.50mm",""
"C33","1","0.1µF","","","","Capacitor_THT:CP_Radial_Tantal_D5.0mm_P2.50mm",""
"C35","1","2.2µF","","","","Capacitor_THT:C_Disc_D5.0mm_W2.5mm_P2.50mm",""
"D1,D6","2","LED","","","","Diode_THT:D_DO-41_SOD81_P7.62mm_Horizontal",""
"D5,D7","2","SS14","","","","SS14:DIOM5227X270N","https://www.onsemi.com/pub/Collateral/SS19-D.PDF"
"D8","1","USBLC6-2SC6Y","","","","USBLC6-2SC6Y:SOT95P280X145-6N",""
"IC1","1","TPS6213013AQRGTTQ1","","","","TPS6213013AQRGTTQ1:QFN50P300X300X100-17N-D","http://www.ti.com/lit/gpn/TPS6213013A-Q1"
"IC7","1","BQ51013BRHLR","","","","BQ51013BRHLR:BQ51050BRHLR","http://www.ti.com/lit/ds/symlink/bq51013b.pdf"
"IC8","1","TPS63000IDRCRQ1","","","","TPS63000IDRCRQ1:TPS63000IDRCRQ1","https://www.ti.com/lit/gpn/tps63000-q1?HQS=ti-null-null-sf-df-pf-sep-wwe&DCM=yes"
"IC9","1","MAX17048G+T10","","","","MAX17048G+T10:SON50P200X200X80-9N-D","https://www.analog.com/MAX17048/datasheet"
"IC10","1","LSM6DSV16BXTR","","","","LSM6DSV16BXTR:LSM6DSV16BXTR","https://www.st.com/resource/en/datasheet/lsm6dsv16bx.pdf"
"IC11","1","TPS61032PWP","","","","TPS61032PWP:SOP65P640X120-17N","http://www.ti.com/lit/ds/symlink/tps61030.pdf"
"indukcja1","1","Conn_01x02","","","","Connector_PinHeader_2.54mm:PinHeader_1x02_P2.54mm_Vertical",""
"J1","1","Speaker_con","","","","Connector_PinHeader_2.54mm:PinHeader_1x02_P2.54mm_Vertical",""
"J2","1","DS1013-40SSIB1-B-0","","","","DS1013-40SSIB1-B-0:DS101340SSIB1B0","https://www.tme.eu/Document/c6e6da985bd9c519d97c4924b5c8a047/DS1013.pdf"
"J8","1","UJ20-C-H-G-MSMT-R-4C-P16-TR","","","","UJ20-C-H-G-MSMT-R-4C-P16-TR:UJ20CHGMSMTR4CP16TR","https://www.sameskydevices.com/product/resource/uj20-c-h-g-msmt-r-4c-p16-tr.pdf"
"J9","1","QVAR","","","","Connector_JST:JST_PH_B3B-PH-K_1x03_P2.00mm_Vertical",""
"L1,L3","2","2.2µH","","","","Inductor_THT:L_Axial_L7.0mm_D3.3mm_P10.16mm_Horizontal_Fastron_MICC",""
"L4","1","6.8µH","","","","Inductor_THT:L_Axial_L7.0mm_D3.3mm_P10.16mm_Horizontal_Fastron_MICC",""
"Q2","1","Si2323DDS-T1-GE3","","","","Si2323DDS-T1-GE3:SOT95P237X112-3N","https://altium.componentsearchengine.com/Datasheets/2/SI2323DDS-T1-GE3.pdf"
"Q3","1","BSS138","","","","BSS138:SOT95P240X120-3N","https://www.onsemi.com/pub/Collateral/BSS138-D.PDF"
"R17,R34","2","1kΩ","","","","Resistor_THT:R_Axial_DIN0207_L6.3mm_D2.5mm_P7.62mm_Horizontal",""
"R18","1","1.5kΩ","","","","Resistor_THT:R_Axial_DIN0207_L6.3mm_D2.5mm_P7.62mm_Horizontal",""
"R19,R31,R38,R42","4","100kΩ","","","","Resistor_THT:R_Axial_DIN0207_L6.3mm_D2.5mm_P7.62mm_Horizontal",""
"R20","1","66Ω","","","","Resistor_THT:R_Axial_DIN0207_L6.3mm_D2.5mm_P7.62mm_Horizontal",""
"R21,R22,R23","3","10Ω","","","","Resistor_THT:R_Axial_DIN0207_L6.3mm_D2.5mm_P7.62mm_Horizontal",""
"R24","1","200Ω","","","","Resistor_THT:R_Axial_DIN0207_L6.3mm_D2.5mm_P7.62mm_Horizontal",""
"R25","1","20kΩ","","","","Resistor_THT:R_Axial_DIN0207_L6.3mm_D2.5mm_P7.62mm_Horizontal",""
"R26","1","1MΩ","","","","Resistor_THT:R_Axial_DIN0207_L6.3mm_D2.5mm_P7.62mm_Horizontal",""
"R27,R32","2","5.1kΩ","","","","Resistor_THT:R_Axial_DIN0207_L6.3mm_D2.5mm_P7.62mm_Horizontal",""
"R28","1","180kΩ","","","","Resistor_THT:R_Axial_DIN0207_L6.3mm_D2.5mm_P7.62mm_Horizontal",""
"R29,R30","2","4.7kΩ","","","","Resistor_THT:R_Axial_DIN0207_L6.3mm_D2.5mm_P7.62mm_Horizontal",""
"R33,R37,R41,TH4","4","10kΩ","","","","Resistor_THT:R_Axial_DIN0207_L6.3mm_D2.5mm_P7.62mm_Horizontal",""
"R35","1","330kΩ","","","","Resistor_THT:R_Axial_DIN0207_L6.3mm_D2.5mm_P7.62mm_Horizontal",""
"R36","1","110kΩ","","","","Resistor_THT:R_Axial_DIN0207_L6.3mm_D2.5mm_P7.62mm_Horizontal",""
"R39","1","200kΩ","","","","Resistor_THT:R_Axial_DIN0207_L6.3mm_D2.5mm_P7.62mm_Horizontal",""
"R40","1","750kΩ","","","","Resistor_THT:R_Axial_DIN0207_L6.3mm_D2.5mm_P7.62mm_Horizontal",""
"S2","1","SLW-1276864-4A-D","","","","SLW-1276864-4A-D:SLW12768644AD","https://www.sameskydevices.com/product/resource/SLW-1276864-4A-D.pdf"
"U2","1","MCP73871-2CA","","","","Package_DFN_QFN:QFN-20-1EP_4x4mm_P0.5mm_EP2.5x2.5mm","http://www.mouser.com/ds/2/268/22090a-52174.pdf"
