Designator;Footprint;Quantity;Value;LCSC Part #;
AC1;LIS3DHTR;1;H3LIS331DLTR;;
IC10;LSM6DSV16BXTR;1;LSM6DSV16BXTR;;
IC7;BQ51050BRHLR;1;BQ51013BRHLR;;
IC8;TPS63000IDRCRQ1;1;TPS63000IDRCRQ1;;
IC9;SON50P200X200X80-9N-D;1;MAX17048G+T10;;
U2;QFN-20-1EP_4x4mm_P0.5mm_EP2.5x2.5mm;1;MCP73871-2CA;;
;;;;;
;;;;;
;;;;;
;;;;;
;;;;;
;;;;;
;;;;;
;;;;;
;;;;;
;;;;;
;;;;;
;;;;;
;;;;;
;;;;;
;;;;;
;;;;;
;;;;;
;;;;;
;;;;;
;;;;;
;;;;;
;;;;;
;;;;;
;;;;;
;;;;;
;;;;;
;;;;;
;;;;;
;;;;;
;;;;;
;;;;;
;;;;;
;;;;;
;;;;;
;;;;;
;;;;;
;;;;;
;;;;;
;;;;;
;;;;;
;;;;;
;;;;;
;;;;;
;;;;;
;;;;;
;;;;;